"Week of";"Commits"
"2018-07-15";10
"2018-07-22";4
"2018-07-29";0
"2018-08-05";3
"2018-08-12";13
"2018-08-19";0
"2018-08-26";7
"2018-09-02";38
"2018-09-09";20
"2018-09-16";17
"2018-09-23";38
"2018-09-30";43
"2018-10-07";0
"2018-10-14";10
"2018-10-21";20
"2018-10-28";23
"2018-11-04";13
"2018-11-11";0
"2018-11-18";0
"2018-11-25";23
"2018-12-02";17
"2018-12-09";14
"2018-12-16";0
"2018-12-23";0
"2018-12-30";0
"2019-01-06";0
"2019-01-13";0
"2019-01-20";0
"2019-01-27";0
"2019-02-03";0
"2019-02-10";8
"2019-02-17";0
"2019-02-24";0
"2019-03-03";1
"2019-03-10";5
"2019-03-17";0
"2019-03-24";6
"2019-03-31";16
"2019-04-07";0
"2019-04-14";0
"2019-04-21";13
"2019-04-28";77
"2019-05-05";78
"2019-05-12";1
"2019-05-19";80
"2019-05-26";86
"2019-06-02";116
"2019-06-09";47
"2019-06-16";17
"2019-06-23";7
"2019-06-30";46
"2019-07-07";51
"2019-07-14";8
"2019-07-21";1
"2019-07-28";4
"2019-08-04";0
"2019-08-11";17
"2019-08-18";15
"2019-08-25";12
"2019-09-01";4
"2019-09-08";10
"2019-09-15";46
"2019-09-22";14
"2019-09-29";5
"2019-10-06";14
"2019-10-13";1
"2019-10-20";0
"2019-10-27";4
"2019-11-03";0
"2019-11-10";0
"2019-11-17";2
"2019-11-24";1
"2019-12-01";0
"2019-12-08";15
"2019-12-15";3
"2019-12-22";0
"2019-12-29";0
"2020-01-05";0
"2020-01-12";0
"2020-01-19";16
"2020-01-26";9
"2020-02-02";20
"2020-02-09";12
"2020-02-16";5
"2020-02-23";3
"2020-03-01";2
"2020-03-08";0
"2020-03-15";21
"2020-03-22";22
"2020-03-29";29
"2020-04-05";6
"2020-04-12";17
"2020-04-19";25
"2020-04-26";22
"2020-05-03";23
"2020-05-10";12
"2020-05-17";35
"2020-05-24";84
"2020-05-31";10
"2020-06-07";50
"2020-06-14";17
"2020-06-21";3
"2020-06-28";23
"2020-07-05";0
"2020-07-12";2
"2020-07-19";21
"2020-07-26";29
"2020-08-02";12
"2020-08-09";11
"2020-08-16";33
"2020-08-23";42
"2020-08-30";41
"2020-09-06";29
"2020-09-13";31
"2020-09-20";20
"2020-09-27";7
"2020-10-04";8
"2020-10-11";20
"2020-10-18";16
"2020-10-25";21
"2020-11-01";19
"2020-11-08";22
"2020-11-15";40
"2020-11-22";35
"2020-11-29";31
"2020-12-06";17
"2020-12-13";11
"2020-12-20";7
"2020-12-27";0
"2021-01-03";5
"2021-01-10";22
"2021-01-17";39
"2021-01-24";57
"2021-01-31";25
"2021-02-07";22
"2021-02-14";44
"2021-02-21";24
"2021-02-28";71
"2021-03-07";16
"2021-03-14";31
"2021-03-21";39
"2021-03-28";17
"2021-04-04";7
"2021-04-11";28
"2021-04-18";32
"2021-04-25";45
"2021-05-02";42
"2021-05-09";31
"2021-05-16";10
"2021-05-23";22
"2021-05-30";18
"2021-06-06";30
"2021-06-13";8
"2021-06-20";5
"2021-06-27";0
"2021-07-04";0
"2021-07-11";0
"2021-07-18";0
"2021-07-25";0
"2021-08-01";0
"2021-08-08";0
"2021-08-15";0
"2021-08-22";0
"2021-08-29";0
"2021-09-05";1
"2021-09-12";0
"2021-09-19";0
"2021-09-26";0
"2021-10-03";0
"2021-10-10";0
"2021-10-17";2
"2021-10-24";0
"2021-10-31";0
"2021-11-07";0
"2021-11-14";2
"2021-11-21";2
"2021-11-28";1
"2021-12-05";9
"2021-12-12";2
"2021-12-19";0
"2021-12-26";0
"2022-01-02";0
"2022-01-09";7
"2022-01-16";4
"2022-01-23";0
"2022-01-30";7
"2022-02-06";2
"2022-02-13";0
"2022-02-20";0
"2022-02-27";0
"2022-03-06";0
"2022-03-13";0
"2022-03-20";3
"2022-03-27";0
"2022-04-03";0
"2022-04-10";0
"2022-04-17";7
"2022-04-24";0
"2022-05-01";0
"2022-05-08";0
"2022-05-15";0
"2022-05-22";0
"2022-05-29";6
"2022-06-05";4
"2022-06-12";9
"2022-06-19";6
"2022-06-26";0
"2022-07-03";2
"2022-07-10";0
"2022-07-17";0
"2022-07-24";0
"2022-07-31";0
"2022-08-07";0
"2022-08-14";0
"2022-08-21";0
"2022-08-28";0
"2022-09-04";0
"2022-09-11";0
"2022-09-18";0
"2022-09-25";0
"2022-10-02";0
"2022-10-09";0
"2022-10-16";0
"2022-10-23";0
"2022-10-30";0
"2022-11-06";1
"2022-11-13";0
"2022-11-20";0
"2022-11-27";1
"2022-12-04";4
"2022-12-11";14
"2022-12-18";4
"2022-12-25";0
"2023-01-01";0
"2023-01-08";4
"2023-01-15";0
"2023-01-22";0
"2023-01-29";2
"2023-02-05";4
"2023-02-12";7
"2023-02-19";0
"2023-02-26";2
"2023-03-05";0
"2023-03-12";0
"2023-03-19";0
"2023-03-26";0
"2023-04-02";0
"2023-04-09";0
"2023-04-16";2
"2023-04-23";0
"2023-04-30";0
"2023-05-07";0
"2023-05-14";2
"2023-05-21";5
"2023-05-28";0
"2023-06-04";3
"2023-06-11";4
"2023-06-18";0
"2023-06-25";0
"2023-07-02";3
"2023-07-09";3
"2023-07-16";0
"2023-07-23";0
"2023-07-30";0
"2023-08-06";0
"2023-08-13";0
"2023-08-20";2
"2023-08-27";4
"2023-09-03";0
"2023-09-10";0
"2023-09-17";0
"2023-09-24";5
"2023-10-01";3
"2023-10-08";0
"2023-10-15";0
"2023-10-22";0
"2023-10-29";0
"2023-11-05";12
"2023-11-12";0
"2023-11-19";0
"2023-11-26";4
"2023-12-03";33
"2023-12-10";0
"2023-12-17";2
"2023-12-24";0
"2023-12-31";0
"2024-01-07";0
"2024-01-14";0
"2024-01-21";0
"2024-01-28";0
"2024-02-04";0
"2024-02-11";0
"2024-02-18";0
"2024-02-25";0
"2024-03-03";2
"2024-03-10";0
"2024-03-17";0
"2024-03-24";0
"2024-03-31";0
"2024-04-07";0
"2024-04-14";0
"2024-04-21";0
"2024-04-28";0
"2024-05-05";0
"2024-05-12";0
"2024-05-19";0
"2024-05-26";0
"2024-06-02";0
"2024-06-09";0
"2024-06-16";2
"2024-06-23";6
"2024-06-30";1
"2024-07-07";0
"2024-07-14";23
"2024-07-21";5
"2024-07-28";0
"2024-08-04";5
"2024-08-11";0
"2024-08-18";0
"2024-08-25";0
"2024-09-01";0
"2024-09-08";0
"2024-09-15";0
"2024-09-22";0
"2024-09-29";0
"2024-10-06";0
"2024-10-13";0
"2024-10-20";0
"2024-10-27";0
"2024-11-03";0
"2024-11-10";0
"2024-11-17";0
"2024-11-24";0
"2024-12-01";10
"2024-12-08";1
"2024-12-15";0
"2024-12-22";0
"2024-12-29";0
"2025-01-05";0
"2025-01-12";0
"2025-01-19";19
"2025-01-26";0
"2025-02-02";0
"2025-02-09";0
"2025-02-16";1
"2025-02-23";0
"2025-03-02";6
"2025-03-09";0
"2025-03-16";0
"2025-03-23";5
"2025-03-30";5
"2025-04-06";1
"2025-04-13";0
"2025-04-20";3
"2025-04-27";0
"2025-05-04";0
"2025-05-11";2
"2025-05-18";1
"2025-05-25";0
"2025-06-01";2
"2025-06-08";1
"2025-06-15";3
"2025-06-22";0
"2025-06-29";0
"2025-07-06";0
"2025-07-13";23
"2025-07-20";16
"2025-07-27";0
"2025-08-03";0
"2025-08-10";0
"2025-08-17";0
"2025-08-24";0
"2025-08-31";0
"2025-09-07";0
"2025-09-14";0
"2025-09-21";0
"2025-09-28";0
"2025-10-05";0
"2025-10-12";0
"2025-10-19";0
"2025-10-26";1
"2025-11-02";0
"2025-11-09";0
"2025-11-16";0
"2025-11-23";0
"2025-11-30";1
"2025-12-07";0
"2025-12-14";0
"2025-12-21";0
"2025-12-28";0
"2026-01-04";3
"2026-01-11";1
"2026-01-18";0
"2026-01-25";0
"2026-02-01";0
"2026-02-08";0
"2026-02-15";0
"2026-02-22";0
"2026-03-01";0
"2026-03-08";0
"2026-03-15";0
"2026-03-22";0
"2026-03-29";0
"2026-04-05";0
"2026-04-12";0
"2026-04-19";0
"2026-04-26";0
"2026-05-03";0
"2026-05-10";0